LoadID,Generation_kW
load29,6.558416436485322
load152,1.639604109121332
load144,1.6396041091213294
load93,1.63960410912133
load114,4.998937991593383
load33,1.6396041091213311
load125,1.639604109121322
load66,6.558416436485323
load112,1.6396041091213298
load97,6.558416436485322
load72,6.5584164364853095
load9,6.558416436485323
load56,6.558416436485322
load163,2.8030270945988596
load53,3.7323593188032245
load12,6.558416436485328
load8,6.5584164364853175
load68,3.784979821210289
load146,1.6396041091213287
load169,6.558416436485189
load116,3.2960877435496143
load107,1.6396041091213285
load52,1.639604109121332
load74,6.558416436485319
load135,1.6396041091213305
load122,6.5584164364853255
load44,1.6396041091213285
load153,3.242806479313898
load117,1.6396041091213287
load147,6.558416436485323
load104,1.6396041091213287
load51,6.5584164364853255
load20,1.639604109121328
load67,6.558416436485317
load126,1.639604109121353
load78,1.6396041091213294
load113,6.558416436485327
load11,6.5584164364853255
load55,6.363824332366031
load21,6.558416436485317
load162,1.6396041091213027
load131,6.558416436485317
load139,1.6396041091213285
load138,1.6396041091213305
load166,1.6396041091213274
load17,6.5584164364853175
load77,6.558416436485327
load141,6.55841643648532
load15,1.6396041091213298
load80,2.8242204653550322
load98,1.639604109121328
load81,1.6396041091213311
load161,6.55841643648532
load38,6.558416436485322
load94,6.558416436485315
load19,1.63960410912133
load148,6.558416436485322
load28,1.6396041091213291
load18,3.701104267936125
load85,1.6396041091213298
load27,1.6396041091213305
load7,6.5584164364853015
load121,2.675032448594117
load46,6.55841643648532
load130,6.558416436485328
load103,5.317533630298447
load102,1.6396041091213305
load41,1.639604109121339
load25,1.6396041091213318
load96,1.639604109121328
load90,1.6396041091213314
load159,6.5584164364853255
load87,6.5584164364853175
load79,1.965696192177672
load151,6.55841643648532
load92,6.558416436485361
load69,6.5584164364853175
load174,6.55841643648532
load160,6.558416436485328
load170,2.798589523488478
load127,1.6396041091212668
load47,6.558416436485317
load34,6.5584164364853175
load140,6.5584164364853175
load36,6.558416436485323
load24,1.6396041091213298
load109,2.473273771017607
load31,1.6396041091213311
load165,6.5584164364853255
load145,1.6396041091213298
load150,6.299742412249081
load173,1.6396041091213311
load120,1.6396041091213376
load134,1.63960410912133
load171,2.122837354520665
load13,6.558416436485317
load84,1.639604109121333
load154,1.6396041091212263
load95,6.558416436485328
load42,1.6396041091213227
load82,6.558416436485322
load99,6.55841643648532
load76,6.558416436485319
load124,6.5584164364853255
load3,1.6396041091213305
load132,1.6396041091213291
load155,6.558416436485319
load2,6.5584164364853255
load57,6.5584164364853255
load115,6.558416436485319
load37,1.6396041091213345
load149,6.558416436485332
load5,1.6396041091213298
load50,6.558416436485322
load164,1.6396041091213285
load123,1.639604109121333
load32,6.558416436485322
load39,1.639604109121339
load142,1.63960410912133
load48,3.8504620566135435
load71,1.639604109121332
load106,1.639604109121326
load89,1.6396041091213311
load133,6.558416436485322
load73,6.558416436485314
load119,6.558416436485314
load108,5.215106277089033
load45,6.558416436485325
load58,6.558416436485314
load62,1.639604109121332
load172,6.558416436485325
load167,1.6396041091213298
load10,6.558416436485323
load157,2.6629150275745563
load88,1.6396041091213298
load91,1.6396041091213314
load105,3.906841513394475
load6,6.5584164364853175
load54,6.558416436485327
load65,1.639604109121328
load43,2.0204529381618155
load110,6.558416436485325
load83,6.55841643648532
load143,1.6396041091213311
load1,6.558416436485314
load26,6.558416436485325
load156,1.6396041091213305
load75,6.558416436485327
load128,5.73998996000588
load59,1.6396041091213305
load40,6.558416436485322
load86,6.558416436485327
load101,1.63960410912133
load111,1.639604109121332
load100,6.558416436485333
load158,6.558416436485322
load61,6.558416436485322
load118,6.558416436485325
load136,1.6396041091213402
load22,1.6396041091213298
load64,1.63960410912133
load30,6.5584164364853175
load129,6.1532214630688475
load175,1.6396041091213298
load137,6.55841643648532
load60,1.63960410912133
load14,1.6396041091213305
load70,1.6396041091213294
load4,6.558416436485314
load16,2.721402989255623
load23,1.63960410912133
load49,6.55841643648532
load35,1.9671870931195043
load168,1.6396041091213338
load63,1.6396041091213298
