SourceBus,431.179,270.951
1,431.179,270.951
2,431.326,271.314
3,431.337,271.35
4,431.340999,271.387
5,431.338,271.425
6,431.328,271.461
7,431.312,271.495
8,431.289999,271.525
9,431.263,271.551
10,431.232,271.572
11,431.197,271.586
12,430.792001,271.75
13,430.605,271.805
14,430.411,271.825
15,430.218,271.808
16,430.03,271.754
17,429.857,271.667
18,429.802999,271.64
19,429.743999,271.624
20,429.684,271.619
21,429.624001,271.626
22,429.567001,271.645
23,426.571,272.911
24,425.418999,273.394
25,425.227,273.494
26,425.008,273.647
27,424.845999,273.858001
28,424.730001,274.096
29,424.671001,274.342
30,424.643,274.609
31,424.688,274.858001
32,424.861,275.197
33,428.481,281.685
34,428.918,282.627
35,429.175001,283.14
36,429.288,283.554
37,429.269,283.976
38,429.091999,284.31
39,428.801,284.504
40,426.024001,285.556
41,422.707,286.752
42,421.9780723,286.9163209
43,421.8059213,286.907375
44,420.489,287.252
45,419.463,279.744
46,414.79,289.002
47,418.775,277.691
48,407.826,290.92
49,415.207,288.669
50,418.592,277.281
51,390.502,295.712
52,415.291,288.377
53,418.335,276.913
54,376.585,299.069
55,415.248999,288.043
56,418.013,276.6
57,373.018,299.931
58,376.198001,297.798
59,415.082001,287.335
60,417.637999,276.355
61,370.129,300.834
62,376.254,297.558
63,414.957,286.96
64,417.223,276.184
65,365.793,302.084
66,376.418,297.383
67,416.489,278.85
68,365.942,302.005
69,361.07,303.619
70,376.904,297.229
71,366.060999,301.876
72,351.922,305.929
73,385.080001,295.000001
74,366.2,301.697
75,346.511001,307.109
76,385.705999,294.713
77,366.253999,301.247
78,338.986001,308.929
79,386.206,294.296
80,321.284,313.378
81,337.115001,304.009
82,337.115001,304.009
83,387.082,293.379
84,310.797,315.959
85,336.456,300.617001
86,336.553099,301.1167875
87,387.958,291.962
88,308.451,316.511
89,336.217001,296.928
90,336.217001,296.928
91,336.553099,301.1167875
92,336.497,301.435
93,389.598,288.542
94,387.759999,291.882999
95,307.354999,316.565
96,336.387999,293.977
97,336.387999,293.977
98,336.475001,301.546999
99,391.237999,285.121
100,387.627999,291.863
101,306.412001,316.558
102,336.56,293.222
103,336.56,293.222
104,336.387999,301.628
105,396.978,274.17
106,391.217,284.57
107,387.446,291.893
108,305.845,316.506
109,342.395001,282.38
110,342.395001,282.38
111,336.169,301.728
112,402.666,263.233
113,396.936,273.752999
114,390.883,284.278
115,387.273,291.995
116,305.349,316.4
117,346.898,273.271
118,342.223,283.032
119,346.898,273.271
120,408.6154995,252.0455
121,402.816,262.623
122,396.811,273.461
123,386.880001,282.235
124,387.03,292.147
125,303.781,315.862
126,352.288,263.103
127,346.760999,273.649
128,352.288,263.103
129,342.155,283.478
130,414.455,255.024
131,409.486,250.217
132,409.486,250.217
133,402.816,262.414
134,390.847999,270.293
135,386.629,282.228
136,386.479999,282.017
137,386.796999,292.238
138,303.386,315.726
139,354.870999,258.21
140,352.875,262.709
141,354.870999,258.21
142,346.760999,273.992
143,342.292,283.924
144,414.914,255.232
145,416.032,237.761
146,409.36,249.6
147,416.032,237.761
148,402.608,262.081
149,390.599999,269.936
150,386.57,282.284
151,380.488999,277.85
152,386.574,292.269
153,301.582,314.921001
154,359.355,249.221
155,354.314,258.506
156,359.355,249.221
157,353.383,262.681
158,347.173,274.369
159,346.991,286.116
160,415.289,255.316
161,416.53,236.804
162,416.075,237.242
163,416.53,236.804
164,409.254,249.334
165,398.646,259.955
166,390.69,269.456
167,386.45,282.48
168,386.361,292.218
169,301.814999,315.181
170,299.561999,313.96
171,366.302,236.185
172,359.882,248.809
173,366.302,236.185
174,354.073,258.574
175,359.153,265.676
176,352.527,277.286
177,354.489001,292.85
178,415.54,255.19
179,420.489,229.42
180,416.404999,237.212
181,420.489,229.42
182,416.022,237.03
183,403.242,246.037
184,396.186,258.829
185,389.489,266.85
186,389.489,266.85
187,386.360001,282.55
188,386.209,292.035
189,302.195,315.359
190,298.814001,313.33
191,296.502,312.582
192,373.557001,222.6
193,366.623,235.824
194,373.557001,222.6
195,360.122,248.809
196,353.661,258.471
197,359.454001,265.991
198,352.802,277.286
199,415.783001,254.819
200,422.357001,225.538001
201,422.357001,225.538001
202,416.394,237.508
203,415.809,236.87
204,402.963999,245.92
205,396.04,258.892
206,386.166,282.62
207,386.057,291.762
208,304.096001,316.322
209,298.687,313.178
210,297.038,312.659
211,295.658,312.23
212,382.453,205.769
213,373.934,222.292
214,382.453,205.769
215,366.829,235.618
216,365.34,251.382
217,353.352,258.403
218,359.567999,266.469
219,353.008001,277.217
220,416.616001,253.206
221,422.489001,258.85
222,423.488999,258.85
223,429.208,212.268
224,422.447,225.205
225,429.208,212.268
226,416.525,237.829
227,415.117,236.498
228,402.672,246.004
229,395.493999,259.4175
230,385.904,291.376
231,305.085,316.626
232,298.687,313.001
233,297.265,312.659
234,295.6098039,312.2084383
235,384.784,200.85
236,382.418,206.558
237,384.784,200.85
238,374.140001,222.223
239,367,235.618
240,366.61,252.137
241,359.244999,267.646
242,353.607,276.635
243,416.601999,253.36
244,419.9431353,246.8970714
245,429.248001,211.853
246,434.897,200.85
247,434.897,200.85
248,422.447,224.931
249,416.536,238.082
250,409.478,233.573
251,402.029,246.642
252,396.952,256.67
253,392.489001,259.85
254,385.640999,291.163
255,305.947001,316.829
256,298.738,312.747
257,297.377,312.651
258,295.577999,312.28
259,291.221,310.245
260,386.647,197.359999
261,386.647,197.359999
262,382.796,206.867
263,374.518001,222.257
264,367.411999,235.824
265,366.75,252.864
266,361.547,263.214
267,358.489001,268.85
268,355.489,274.85
269,416.621,253.495001
270,420.337999,246.595
271,420.489,245.862
272,429.199,211.611
273,441.871,187.628
274,435.255741,200.1698634
275,422.351001,224.674
276,416.455,238.431
277,409.052,233.413
278,403.315,243.971
279,399.489,246.85
280,396.489,251.85
281,381.248,289.014
282,306.682,316.879
283,300.792,308.363
284,297.553,312.631
285,295.542,312.3
286,291.538,310.162
287,285.432,307.524
288,387.551,195.605
289,388.425,209.68
290,375.891,222.943
291,372.492,238.535
292,366.421,253.9855
293,363.488999,259.85
294,416.611,253.76
295,420.526999,246.582
296,426.561,234.518
297,429.038,211.45
298,447.359,177.215
299,447.359,177.215
300,441.951,187.315
301,435.255741,200.1698634
302,435.303,199.572
303,422.19,224.464
304,416.323,238.614
305,408.786,233.573
306,403.489,240.85
307,374.489,289.85
308,378.489,282.85
309,378.489,282.85
310,307.249001,316.862
311,304.489,303.850001
312,297.672,312.556
313,295.494,312.3
314,291.817,310.162
315,280.553,305.185
316,390.024999,190.899
317,387.778001,195.319
318,388.734,209.68
319,380.284,225.208
320,372.640999,238.981
321,368.754,249.947
322,365.489,256.85
323,416.005,254.933
324,420.769,246.649
325,426.813,234.268
326,430.142001,227.795
327,428.587,211.193
328,448.486,175.124
329,448.486,175.124
330,447.489,177.278
331,441.967999,187.108
332,435.268,199.296
333,421.98,224.319
334,416.016,238.74
335,408.627,234.2105
336,307.5185,316.854
337,297.812,312.36
338,295.406,312.248
339,292.095999,310.264
340,274.43,302.252
341,280.223,304.679
342,394.201,183.339
343,389.519001,191.315
344,388.11,195.259
345,389.008,209.44
346,380.544,225.449
347,372.522,239.682
348,369.489,246.85
349,415.711999,255.384
350,421.187001,246.838
351,427.001,234.2
352,433.243,221.964
353,421.690999,207.537
354,455.404,162.292
355,455.404,162.292
356,448.567,174.525
357,447.528001,177.286
358,441.916,186.919
359,435.147999,199.158
360,420.280999,223.26
361,415.703,238.572
362,408.586,230.369
363,405.489001,234.85
364,307.853,316.793
365,299.750999,308.31
366,295.135001,312.105
367,292.223,310.264
368,274.19,301.891
369,273.3059685,301.7681044
370,280.173,304.527
371,395.704,180.457
372,389.04,191.554
373,388.562001,195.366
374,389.8055,208.803
375,380.596,225.799
376,374.824,235.978
377,371.489001,241.85
378,415.321999,255.579
379,426.955,249.775
380,427.244,234.214
381,433.477999,221.71
382,439.978999,209.142
383,421.192,207.295
384,456.694,159.671
385,456.694,159.671
386,455.35,161.989
387,448.531999,174.301
388,447.576,177.289
389,441.813,186.798
390,429.213,195.985
391,414.578,220.085
392,415.330001,238.253
393,408.489,226.85
394,308.078001,316.766
395,297.489,299.85
396,294.951,312.061
397,292.451,310.137
398,274.037,301.511
399,273.261,301.725
400,271.170999,300.849
401,280.198,304.4
402,397.992,176.177
403,395.597,180.883
404,388.748,191.554
405,389.041,195.711
406,387.414,213.178
407,392.489001,206.85
408,380.417,226.809
409,377.489,233.85
410,414.602,256.016
411,427.117001,249.909
412,427.486,234.281
413,433.653,221.602
414,440.197,208.881
415,442.644,203.366
416,420.981999,207.247
417,457.959,157.292
418,455.35,161.662
419,448.429,174.129
420,447.622,177.289
421,435.568,183.539
422,428.885,195.83
423,414.042001,220.008
424,308.305,316.71
425,294.855,312.057
426,292.527,310.061
427,274.012,301.258
428,273.228999,301.668
429,269.5,300.336
430,280.223,304.223
431,400.257,171.963
432,395.784,181.255
433,388.269,191.501
434,389.28,195.711
435,387.489,214.85
436,382.869,222.153
437,379.489,227.85
438,403.975,276.409
439,427.185,250.098
440,428.254999,234.658
441,433.855,221.548
442,440.373001,208.773
443,443.182,202.47
444,420.837,207.295
445,458.045,156.981
446,455.281,161.386
447,448.273,173.973
448,447.663,177.284
449,435.223001,183.384
450,428.678,195.83
451,413.609,220.245
452,308.482,316.677001
453,294.748,312.057
454,274.037,301.08
455,273.207,301.606
456,269.574001,300.118
457,268.936001,300.077
458,269.574001,300.118
459,282.691999,299.244
460,400.95,170.601001
461,396.289,181.494
462,389.758999,195.951
463,383.489,219.85
464,403.819001,276.956
465,427.171,250.313
466,434.048999,237.661
467,434.071001,221.562
468,440.534,208.746
469,420.723999,207.456
470,458.045,156.602
471,455.16,161.213
472,441.648999,170.49
473,447.7,177.273
474,435.033,183.367
475,427.927,196.41
476,413.131,220.834
477,294.628,312.081
478,274.081,300.842
479,273.196,301.541
480,269.602,299.933
481,269.602,299.933
482,268.645,299.943
483,286.488999,294.85
484,403.761,165.518
485,401.164001,170.515
486,402.461,184.791
487,395.452,198.928
488,403.897,277.424
489,427.049,250.584
490,434.472,237.947
491,434.327001,221.669
492,440.709,208.773
493,420.396,207.952
494,457.924,156.326
495,454.867,161.041
496,441.425,170.404
497,447.937,177.101
498,434.895,183.47
499,425.489,197.85
500,429.351,193.421
501,414.835,217.497
502,410.488999,221.85
503,276.243,295.515
504,273.196,301.476
505,269.607,299.793
506,269.607,299.793
507,260.762,295.879
508,408.091,157.069
509,401.465,170.493
510,402.833,184.977
511,395.558,199.114
512,404.092,277.698
513,429.216,249.134001
514,425.489,252.85
515,425.489,252.85
516,434.593001,238.122
517,441.227,225.239
518,440.952001,208.854
519,421.45,205.524001
520,418.489001,208.850001
521,457.665,156.102
522,446.724,156.868
523,441.268999,170.387
524,447.98,177.078
525,434.418,183.870001
526,427.488999,188.85
527,415.489,213.85
528,276.32,295.422
529,273.207,301.411
530,269.437,298.895
531,269.437,298.895
532,257.195,294.186001
533,260.896,295.657
534,260.896,295.657
535,257.195,294.186001
536,409.157,155.125
537,408.391,156.859
538,401.787,170.579
539,403.152,185.03
540,395.558,199.274
541,430.489,245.85
542,434.607,238.351
543,441.349,225.347
544,447.354,212.181
545,422.489001,202.85
546,451.904001,153.107
547,446.483,156.816
548,441.166,170.437999
549,448.025999,177.057
550,431.489001,183.85
551,435.838,180.92
552,276.389,295.358
553,273.23,301.35
554,269.437,298.674
555,269.437,298.674
556,250.468,290.461
557,257.686,294.052
558,250.468,290.461
559,260.941999,295.608
560,260.941999,295.608
561,413.383,146.975
562,408.594,156.843
563,403.416999,171.416
564,403.365,185.03
565,395.2515005,200.056
566,434.62,238.877
567,441.388999,225.522
568,447.529,212.329
569,448.489001,152.85
570,446.327,156.851
571,440.566001,170.843
572,448.072,177.044
573,436.489,176.85
574,276.491,295.306
575,273.421999,300.925
576,269.464,298.41
577,269.464,298.41
578,245.479999,288.1
579,251.346999,291.237
580,245.479999,288.1
581,257.953,294.097
582,260.985,295.571
583,260.985,295.571
584,414.927,144.126
585,408.828,156.874
586,408.675,174.161
587,403.498001,184.869999
588,397.104999,196.861
589,395.489,201.85
590,435.975,236.384
591,432.489,240.85
592,441.431,226.214
593,447.596,212.505
594,446.206,156.989
595,439.489,171.85
596,442.164,168.049
597,448.116,177.04
598,276.580999,295.285
599,273.775,300.116
600,269.514,298.201
601,269.514,298.201
602,236.187,283.692
603,245.375,287.785
604,236.187,283.692
605,251.397,291.422
606,258.355,293.74
607,261.039,295.543
608,261.039,295.543
609,415.579999,142.946
610,410.001,157.499
611,408.846,174.332
612,403.922,184.467
613,398.489,194.85
614,437.489,232.85
615,442.605,224.031
616,438.489,228.85
617,447.836999,213.235
618,445.859,157.717
619,440.488999,163.85
620,448.153,177.043
621,276.68,295.283
622,273.993,299.374
623,278.352,279.794
624,275.7309163,285.2529598
625,229.466,280.491
626,236.554,283.744
627,229.466,280.491
628,245.27,287.523
629,251.397,291.588
630,261.119,287.457
631,261.107,295.522999
632,261.107,295.522999
633,416.802999,140.607
634,415.896,142.588
635,415.455999,160.186
636,408.889,174.525
637,404.489,181.85
638,402.277,187.495
639,444.488999,221.85
640,448.187,210.529
641,446.489,216.85
642,444.488999,158.85
643,448.394,177.094
644,276.756,295.299
645,274.016,299.093
646,279.135,278.294
647,278.321,280.057
648,279.135,278.294
649,275.7309163,285.2529598
650,275.991,285.015
651,275.699001,285.621
652,227.786,279.598
653,229.834,280.963
654,227.786,279.598
655,229.834,280.963
656,236.974,283.744
657,248.106,281.435
658,251.346999,291.805
659,261.431,286.699
660,261.185,295.507
661,261.185,295.507
662,420.489,133.83
663,416.107,142.588
664,415.955999,160.483
665,408.7945,175.354
666,401.489001,190.85
667,451.489,208.850001
668,276.972999,295.364
669,284.684,266.786
670,279.2,278.685
671,284.684,266.786
672,278.335,280.217
673,276.058,284.963
674,275.698,285.726
675,228.416,280.228
676,220.503,276.362
677,220.503,276.362
678,229.886,281.383
679,229.886,281.383
680,240.282,277.184
681,248.841,280.333
682,251.287999,291.909
683,261.252,286.476
684,261.272,295.505
685,261.272,295.505
686,421.375,131.758
687,416.297001,142.63
688,416.158999,160.686
689,407.489,175.85
690,409.789999,173.496
691,281.489001,292.85
692,282.489,291.85
693,282.489,291.85
694,291.904999,251.741
695,284.852,266.631
696,291.904999,251.741
697,279.2,279.109
698,278.380999,280.364
699,276.133999,284.925
700,275.716,285.83
701,228.521,280.7
702,219.608,275.8985
703,219.608,275.8985
704,229.571,282.065
705,229.571,282.065
706,240.230001,276.555
707,249.261,280.333
708,250.934,292.529
709,260.876,286.288
710,261.359,295.51
711,261.359,295.51
712,422.206,130.107
713,421.235,131.754
714,420.660999,144.695
715,416.237,160.873
716,411.276,170.811
717,298.89,237.006
718,292.07,251.6
719,298.89,237.006
720,284.964,266.553
721,279.298,279.5
722,278.461,280.473
723,276.215001,284.901
724,275.751999,285.928999
725,228.363999,281.488
726,222.789,269.347
727,222.789,269.347
728,211.975,271.978
729,222.789,269.347
730,229.151,282.327
731,229.151,282.327
732,239.6,276.292
733,251.489001,278.85
734,258.489,281.85
735,261.922,295.573
736,261.922,295.573
737,423.484,127.633
738,422.477001,129.925
739,421.129,131.788
740,423.385001,146.395
741,416.253,161.014
742,412.489,168.85
743,306.158,222.57
744,299.110999,236.846
745,306.158,222.57
746,292.208,251.52
747,285.099001,266.504
748,278.548,280.544
749,276.3,284.892
750,275.804,286.02
751,227.922,282.21
752,223.209,269.137
753,227.776999,259.061
754,227.776999,259.061
755,227.776999,259.061
756,212.231,271.628
757,212.231,271.628
758,206.886,269.545
759,212.231,271.628
760,228.701001,282.588
761,228.701001,282.588
762,236.489,272.85
763,237.489,271.85
764,262.117,295.573
765,262.117,295.573
766,423.524,127.57
767,422.807,129.713
768,420.975,131.932
769,423.449,146.514
770,416.21,161.643
771,309.259,216.313
772,306.320999,222.420999
773,309.259,216.313
774,299.259001,236.786
775,292.349999,251.471
776,285.263999,266.466
777,278.653001,280.614
778,276.383999,284.898
779,275.871,286.101
780,225.447,287.168
781,223.786,269.137
782,228.144,258.799
783,230.962,252.702
784,230.962,252.702
785,230.962,252.702
786,212.692,271.474
787,212.692,271.474
788,212.692,271.474
789,196.772,264.711
790,224.741,290.881
791,224.741,290.881
792,262.267,295.546
793,262.267,295.546
794,423.565999,127.504
795,423.114,129.642
796,420.841,132.134
797,423.459,146.672
798,415.489,162.85
799,416.987,160.030001
800,313.298,207.945
801,309.259,216.974
802,313.298,207.945
803,306.415,222.364
804,299.407,236.763
805,292.523,251.453
806,285.437,266.468
807,284.354,283.348
808,276.466,284.92
809,275.951001,286.169
810,224.911,288.242
811,224.636001,269.523
812,228.512001,258.537
813,230.917,253.415
814,236.095,242.555
815,236.095,242.555
816,236.095,242.555
817,213.092,271.351
818,213.092,271.351
819,213.092,271.351
820,188.42,260.914
821,196.450001,264.488
822,224.510001,291.193
823,224.510001,291.193
824,262.416999,295.477
825,262.416999,295.477
826,423.843,127.192
827,423.42,129.666
828,420.756,132.246
829,423.469,147.523
830,418.332,157.325
831,317.189,200.237
832,313.519,207.837999
833,317.189,200.237
834,309.333,217.268
835,306.515999,222.327999
836,299.613,236.756
837,292.674,251.479
838,285.563,266.499
839,284.43,283.371
840,276.543,284.956
841,276.042,286.222
842,223.794999,290.479
843,223.794999,290.479
844,228.154,271.15
845,228.667,258.467
846,231.096,253.771
847,236.400999,242.229
848,242.336999,229.809
849,242.336999,229.809
850,242.336999,229.809
851,213.368,271.075
852,213.368,271.075
853,213.368,271.075
854,187.088999,260.287
855,189.063,261.08
856,196.287,264.237
857,224.206,291.323
858,224.206,291.323
859,262.534,295.373
860,262.534,295.373
861,423.75,129.76
862,420.5505003,132.44975
863,422.489001,149.85
864,425.239,143.99
865,418.489001,154.85
866,319.542001,195.099
867,319.542001,195.099
868,313.678,207.797
869,306.647999,222.323
870,299.778,236.781
871,299.969,255.153
872,291.468001,269.583
873,284.517,283.383
874,283.052,288.148
875,284.503999,290.357
876,223.608001,290.739
877,223.608001,290.739
878,229.489,269.85
879,229.489,269.85
880,230.488999,269.85
881,228.786,258.467
882,237.337,256.712
883,236.713,242.184
884,242.827,229.408
885,248.577999,216.905
886,248.577999,216.905
887,248.577999,216.905
888,213.553,270.705999
889,213.553,270.705999
890,213.553,270.705999
891,182.706,258.224
892,189.486001,261.117
893,196.242999,263.867
894,223.819,291.415
895,223.819,291.415
896,273.125001,274.192
897,273.125001,274.192
898,430.021,132.8
899,420.486001,132.454
900,426.489,141.85
901,319.883,194.572
902,319.883,194.572
903,313.9,207.774
904,306.785,222.344
905,299.931,236.830001
906,300.051,255.222
907,291.533001,269.65
908,284.599,283.38
909,283.094001,288.174
910,287.489,292.85
911,223.465,290.9
912,223.465,290.9
913,228.853,258.501
914,237.605,256.712
915,243.222,245.348
916,243.407,229.453
917,248.935,216.752
918,254.684999,204.382
919,254.684999,204.382
920,254.684999,204.382
921,215.921,265.911
922,215.921,265.911
923,215.921,265.911
924,173.346,253.734
925,182.332,258.303
926,189.762,261.025
927,196.301999,263.66
928,223.423001,291.48
929,223.423001,291.48
930,278.608,262.784
931,272.854,274.406
932,278.608,262.784
933,430.209001,133.059
934,420.446,132.437
935,322.456,189.43
936,322.456,189.43
937,320.317,194.201
938,314.038,207.779
939,306.919,222.385
940,300.016,236.866
941,300.125,255.335
942,291.565,269.743
943,284.688,283.362
944,283.133,288.206
945,223.293001,290.991
946,223.293001,290.991
947,237.872,256.356
948,243.266,245.571
949,249.514,232.617
950,249.202,216.752
951,255.039,204.161
952,256.557,200.683
953,256.557,200.683
954,256.557,200.683
955,220.568,256.129
956,220.568,256.129
957,215.859,265.419
958,220.568,256.129
959,167.455999,250.671
960,173.739,253.833
961,181.959001,258.323
962,189.964,260.897
963,196.435,263.365
964,222.999,291.544
965,222.999,291.544
966,278.974001,261.704
967,278.248999,262.998
968,278.974001,261.704
969,272.542001,274.362
970,430.280001,133.295
971,420.404999,132.417
972,327.154,180.04
973,327.154,180.04
974,320.750999,194.201
975,314.169,207.805
976,312.756999,225.309
977,307.33,240.569
978,300.164,255.467
979,291.565,269.859
980,284.753,283.343
981,283.165001,288.245
982,222.963,291.07
983,222.963,291.07
984,238.082999,255.992
985,243.266,245.839
986,249.648,232.884
987,249.915,217.019
988,255.219001,204.125
989,257.585,198.347
990,257.585,198.347
991,257.585,198.347
992,223.975999,249.366
993,223.975999,249.366
994,223.975999,249.366
995,215.706,265.234
996,166.180001,250.146
997,167.042,250.342
998,174.053,253.813
999,181.684,258.421
1000,190.314,260.253
1001,198.667,258.37
1002,222.244,291.544
1003,222.244,291.544
1004,279.056,260.928
1005,287.134,245.5
1006,287.134,245.5
1007,277.981,262.998
1008,265.454001,271.019999
1009,430.176,134.037
1010,419.653001,132.017
1011,328.814001,176.471
1012,328.814001,176.471
1013,327.635999,179.692
1014,322.58,195.037
1015,314.325001,207.877
1016,312.817,225.369
1017,307.444001,240.662
1018,300.169001,255.583
1019,291.541001,269.952
1020,284.811,283.309
1021,283.19,288.288
1022,222.534,291.098
1023,222.534,291.098
1024,239.489,253.85
1025,243.173999,245.968
1026,249.603,233.196
1027,256.915,220.362
1028,256.484,204.631
1029,260.516,192.2
1030,260.516,192.2
1031,257.497,198.741
1032,260.516,192.2
1033,223.76,249.445
1034,229.023,239.142
1035,229.023,239.142
1036,223.76,249.445
1037,229.023,239.142
1038,215.244001,265.019
1039,165.781,250.061
1040,164.3980423,249.3319075
1041,166.842,250.106
1042,174.289,253.695
1043,181.428,258.578
1044,193.035001,254.095
1045,199.022001,257.601
1046,220.491,291.242
1047,220.491,291.242
1048,279.04,260.794
1049,288.292999,243.227
1050,287.035001,245.465
1051,288.292999,243.227
1052,271.339,259.789
1053,265.41,270.663
1054,429.489,136.85
1055,419.212,131.783
1056,332.536001,169.201
1057,332.536001,169.201
1058,328.132,179.785
1059,325.483,196.594
1060,319.992,211.033
1061,312.847,225.426
1062,307.535,240.812
1063,300.161001,255.678
1064,291.478001,270.047
1065,284.838,283.288999
1066,283.225,288.361
1067,221.76,290.988001
1068,221.76,290.988001
1069,243.488999,245.75
1070,242.489,248.85
1071,249.425001,233.642
1072,257.048,220.629
1073,263.058999,207.881
1074,267.194,178.666
1075,267.194,178.666
1076,261.059,191.821
1077,267.194,178.666
1078,257.507,198.979
1079,223.492001,249.846
1080,223.492001,249.846
1081,228.896001,239.085999
1082,233.891999,229.32
1083,233.891999,229.32
1084,233.891999,229.32
1085,211.499999,263.177
1086,165.417,250.116
1087,164.952,249.325
1088,163.619,248.976
1089,166.787,249.888
1090,174.446,253.517999
1091,181.287,258.873
1092,193.274,253.617
1093,199.273,257.35
1094,219.332,290.78
1095,219.332,290.78
1096,279.01,260.559
1097,293.018001,233.378
1098,288.059001,243.261001
1099,293.018001,233.378
1100,287.004999,245.463
1101,270.847999,259.789
1102,265.632,270.128
1103,419.122999,131.736
1104,333.311,167.652
1105,333.311,167.652
1106,333.528,168.427
1107,329.682,180.56
1108,328.625001,198.058001
1109,321.581,211.889
1110,312.875,225.511
1111,307.573,240.989
1112,300.088001,255.95
1113,291.14,270.332
1114,284.871,283.255
1115,283.251,288.405
1116,220.465001,290.627
1117,220.465001,290.627
1118,244.827,243.076
1119,250.033,233.184
1120,248.489,235.85
1121,257.048,220.897
1122,263.095,208.025
1123,273.215,166.242
1124,273.215,166.242
1125,267.321001,178.552
1126,273.215,166.242
1127,261.212001,191.727
1128,257.526,199.525
1129,223.268,249.846
1130,223.268,249.846
1131,228.940999,238.819
1132,233.675,229.086
1133,235.149,226.525
1134,235.149,226.525
1135,235.149,226.525
1136,211.062,262.99
1137,165.145,250.261
1138,165.352,249.253
1139,158.374,246.449
1140,166.805999,249.688
1141,174.799999,252.673
1142,181.143,259.3075
1143,193.293001,253.249
1144,199.48,257.306
1145,218.376,290.519
1146,218.376,290.519
1147,278.955999,260.427
1148,300.211999,218.557
1149,292.678,233.519
1150,300.211999,218.557
1151,287.986001,243.312
1152,286.941,245.469
1153,270.18,260.413
1154,264.489001,266.85
1155,416.41,130.332
1156,333.962001,166.909
1157,334.333999,167.776
1158,334.238,182.635
1159,328.730999,198.18
1160,321.61,212.197
1161,312.879,225.589
1162,307.571,241.164
1163,300.144999,255.948
1164,299.489,257.85
1165,291.37,270.282
1166,291.489,271.85
1167,285.169,282.793
1168,283.284,288.444
1169,213.641001,287.48
1170,213.641001,287.48
1171,246.489,240.85
1172,251.164001,230.923
1173,256.957,221.103
1174,262.983,208.377
1175,278.845,154.859
1176,278.845,154.859
1177,273.486999,166.028
1178,278.845,154.859
1179,267.407,178.487
1180,261.365,191.693
1181,257.575,200.015
1182,220.491,248.482
1183,220.491,248.482
1184,229.03,238.506
1185,233.72,228.862
1186,235.059999,226.228
1187,241.402,213.979
1188,241.402,213.979
1189,241.402,213.979
1190,209.488999,257.85
1191,164.872,250.552
1192,165.606,249.089
1193,157.398,245.961
1194,158.453,246.557
1195,166.915,249.362
1196,177.748,246.721
1197,180.971999,259.841
1198,193.256,252.974
1199,199.775999,257.335
1200,217.768,290.433
1201,217.768,290.433
1202,278.896999,260.331
1203,307.256,203.851
1204,300.016999,218.735
1205,307.256,203.851
1206,292.623,233.535
1207,287.763,243.579
1208,286.888999,245.487
1209,267.489,260.85
1210,413.697,128.927
1211,334.581999,166.475
1212,334.83,167.157
1213,335.385,183.162
1214,328.74,198.344
1215,321.281001,212.87
1216,312.879,225.688
1217,307.553999,241.29
1218,300.207999,255.943
1219,291.442,270.248
1220,288.489,277.85
1221,283.323,288.477
1222,212.121,286.742
1223,212.121,286.742
1224,253.489,228.85
1225,257.191,221.005
1226,256.488999,223.85
1227,263.343001,208.125
1228,263.489,210.849999
1229,279.511,153.575
1230,279.511,153.575
1231,279.335,153.218
1232,279.511,153.575
1233,273.705,165.963
1234,267.475,178.446
1235,261.459,191.71
1236,216.977001,246.853
1237,216.977001,246.853
1238,228.762001,238.238
1239,233.763999,228.550001
1240,235.194001,225.96
1241,241.4,213.295
1242,247.579,200.647
1243,247.579,200.647
1244,247.579,200.647
1245,164.673,251.042
1246,165.897,248.653
1247,156.998,245.748
1248,158.485,246.668
1249,168.604,245.657
1250,178.122,246.465
1251,193.016999,252.661
1252,200.072,257.513
1253,217.159999,290.475999
1254,217.159999,290.475999
1255,278.798,260.214
1256,309.038,200.418
1257,307.042001,204.11
1258,309.038,200.418
1259,299.943,218.779
1260,292.567001,233.544
1261,287.262999,243.664
1262,286.852,245.511
1263,413.153,128.65
1264,335.170999,166.258
1265,335.202,166.475
1266,335.85,183.378
1267,328.556001,199.243
1268,325.049,209.308
1269,318.489,213.85
1270,312.78,226.072
1271,307.423999,241.693
1272,300.249,255.932
1273,293.953,268.411
1274,283.367,288.503
1275,210.644,286.003
1276,210.644,286.003
1277,258.519,218.312
1278,264.431,205.895
1279,279.942,152.584
1280,279.942,152.584
1281,279.887,153.16
1282,279.942,152.584
1283,279.892,152.104
1284,273.945,165.941
1285,267.537,178.418
1286,267.284,194.278
1287,216.515999,246.622001
1288,216.515999,246.622001
1289,228.046999,237.926
1290,233.675,228.371
1291,235.059999,225.781999
1292,241.266,213.028
1293,247.677999,200.444
1294,247.677999,200.444
1295,247.677999,200.444
1296,160.076,260.013
1297,167.652999,244.806
1298,156.660001,245.436
1299,158.492,246.752
1300,168.895,245.076
1301,178.730999,246.328
1302,192.851,252.532
1303,203.489,255.85
1304,216.639,290.78
1305,216.639,290.78
1306,278.65,260.101
1307,314.558,189.518
1308,314.558,189.518
1309,306.979001,204.16
1310,299.884,218.807
1311,292.52,233.546
1312,286.826001,245.54
1313,413.06,128.588
1314,335.729,166.258
1315,335.729,165.639
1316,335.971,183.653
1317,330.201999,196.176
1318,327.489,201.85
1319,326.489,206.85
1320,312.945,225.949
1321,312.489,227.85
1322,307.579,241.646
1323,305.489,243.85
1324,300.287001,255.915
1325,296.489,264.85
1326,283.461999,288.548
1327,210.209,285.873
1328,210.209,285.873
1329,260.488999,215.85
1330,266.489,203.85
1331,280.052,152.365
1332,280.052,152.365
1333,280.052,152.365
1334,280.134001,153.05
1335,280.064,151.954
1336,274.228,165.941
1337,267.602,178.398
1338,267.828,194.533
1339,216.326999,246.413
1340,216.326999,246.413
1341,223.134,235.113
1342,233.675,225.023
1343,233.153,209.106
1344,253.828,188.331
1345,253.828,188.331
1346,247.635001,200.195
1347,253.828,188.331
1348,155.637,268.687
1349,166.488999,235.85
1350,156.397,245.023
1351,158.445999,246.895
1352,169.167,244.84
1353,179.36,246.367
1354,191.95,252.165
1355,215.9,291.822
1356,215.9,291.822
1357,273.417999,257.666
1358,318.477,181.4995
1359,318.477,181.4995
1360,314.17,189.915
1361,306.888,204.209
1362,299.829,218.824
1363,292.466,233.544
1364,286.6054995,245.92625
1365,412.993999,128.525999
1366,336.597001,166.568
1367,335.977,164.679
1368,336.12,184.634
1369,331.157,194.308
1370,312.998,225.896
1371,307.642,241.597
1372,300.3264995,255.885
1373,284.119,288.867
1374,209.817999,285.743001
1375,209.817999,285.743001
1376,280.216,152.201
1377,280.216,152.201
1378,280.216,152.201
1379,280.298,153.023
1380,280.257,151.804
1381,274.468001,166.072
1382,267.736,178.377
1383,267.939,194.625
1384,216.244,246.12
1385,216.244,246.12
1386,222.286,234.845
1387,228.315001,222.522
1388,232.796,209.151
1389,260.147,175.468
1390,260.147,175.468
1391,253.869,188.073
1392,260.147,175.468
1393,247.618,200.061
1394,155.489,271.85
1395,156.272001,244.472
1396,158.214,247.15
1397,169.404001,244.84
1398,179.752999,246.446
1399,190.489,247.85
1400,210.461999,301.352
1401,210.461999,301.352
1402,273.387001,257.645
1403,319.756,178.5
1404,319.756,178.5
1405,318.032999,181.914
1406,314.026,189.962
1407,306.797,204.247
1408,299.773001,218.838
1409,292.412,233.536
1410,286.541,245.97
1411,412.934,128.437
1412,338.89,167.59
1413,335.946,163.099
1414,335.489,185.85
1415,336.328999,179.335
1416,333.488999,192.85
1417,313.05,225.843
1418,307.700001,241.532
1419,300.377,255.827
1420,209.384,285.699
1421,209.384,285.699
1422,280.655,151.954
1423,280.655,151.954
1424,280.655,151.954
1425,280.518001,153.05
1426,280.964,151.354
1427,281.667999,169.515
1428,267.852,178.384
1429,267.997,194.742
1430,216.306,245.868
1431,216.306,245.868
1432,221.973,234.979
1433,228.046999,222.522
1434,232.751,209.195
1435,263.5345005,168.429
1436,263.5345005,168.429
1437,260.185,174.993
1438,263.5345005,168.429
1439,253.855,187.792
1440,247.585,199.943
1441,156.2828616,243.4309524
1442,157.495001,247.747
1443,169.749,244.985
1444,179.969,246.534
1445,273.329,257.601
1446,321.336001,175.464
1447,321.336001,175.464
1448,317.855,182.056001
1449,313.819,189.994
1450,306.686,204.265
1451,299.699,218.842
1452,292.357999,233.524
1453,286.507001,245.978
1454,412.839,128.179
1455,341.071,168.656
1456,335.97,162.789
1457,337.488999,176.85
1458,313.105,225.779
1459,307.736,241.461
1460,302.454,251.419
1461,209.123001,285.743001
1462,209.123001,285.743001
1463,281.313,151.379
1464,281.313,151.379
1465,281.313,151.379
1466,286.329,155.681
1467,281.5,150.84
1468,281.726,169.553
1469,267.954999,178.401
1470,268.034001,194.865
1471,216.537,245.428
1472,216.537,245.428
1473,221.699,235.494
1474,227.869,222.746
1475,232.687001,209.34
1476,266.435,162.635001
1477,266.435,162.635001
1478,263.557,168.279
1479,266.435,162.635001
1480,260.185,174.672
1481,253.798,187.510001
1482,247.534,199.809
1483,155.806,241.216
1484,155.887,244.138
1485,156.306,241.213
1486,156.639,248.3
1487,174.489001,240.85
1488,184.489,244.85
1489,273.287,257.547
1490,324.529,168.959
1491,324.529,168.959
1492,320.964,175.712
1493,317.452,182.322
1494,313.579,189.994
1495,306.582999,204.26
1496,299.616,218.83
1497,292.31,233.508
1498,286.473,245.978
1499,410.9251875,123.3168125
1500,341.463,168.891
1501,335.956,162.543
1502,315.114,221.68
1503,308.174,236.116
1504,303.488999,248.85
1505,208.906,285.96
1506,208.906,285.96
1507,281.614,151.187
1508,281.614,151.187
1509,281.614,151.187
1510,286.585,155.821
1511,281.907,150.176
1512,281.763,169.593
1513,268.143999,178.462
1514,268.034001,195.071
1515,220.489,241.85
1516,221.587,235.033
1517,221.489001,236.85
1518,227.792,222.937
1519,232.594,208.975
1520,230.488999,211.849999
1521,270.635,153.196
1522,270.635,153.196
1523,266.481,162.342
1524,270.635,153.196
1525,263.588,168.173
1526,260.134,174.402
1527,253.742001,187.314
1528,247.467,199.658
1529,155.786,244.561
1530,155.804,240.716
1531,147.065001,255.432
1532,273.268,257.491
1533,325.498,167.039
1534,325.498,167.039
1535,320.622999,175.99
1536,317.115,182.471
1537,313.276,189.915
1538,306.495,204.238
1539,299.532,218.804
1540,284.025,229.675
1541,286.441,245.973
1542,410.824001,123.275
1543,341.525,169.108
1544,335.724,162.269
1545,316.488999,219.85
1546,309.489,233.85
1547,208.675,286.462
1548,208.675,286.462
1549,281.806001,150.94
1550,281.806001,150.94
1551,281.806001,150.94
1552,286.712001,155.958
1553,282.807,148.355
1554,281.797,169.658
1555,273.941999,181.252
1556,267.984,195.5095
1557,222.643001,232.702
1558,227.768,222.479
1559,225.489,224.85
1560,233.688,206.789
1561,272.191,150.204
1562,272.191,150.204
1563,272.191,150.204
1564,266.526,161.992
1565,263.599001,168.004
1566,260.031,174.248
1567,253.644,187.173
1568,247.266,199.457
1569,155.633,244.747
1570,155.887,237.571
1571,155.887,237.571
1572,146.706,255.634
1573,273.263,256.936
1574,326.29,165.439
1575,326.29,165.439
1576,320.221,175.99
1577,305.640001,186.249
1578,306.424,204.214
1579,292.810999,215.813
1580,283.958,229.651
1581,286.41,245.963
1582,410.789,123.292
1583,341.53,169.316
1584,335.536,162.124
1585,203.46,298.064
1586,203.46,298.064
1587,283.094001,148.474
1588,283.094001,148.474
1589,283.094001,148.474
1590,286.775001,156.19
1591,284.820999,144.007
1592,281.819,169.691
1593,274.029001,181.295
1594,269.489,197.85
1595,269.498999,192.446
1596,223.489,229.85
1597,228.940999,220.201
1598,234.489001,203.85
1599,272.371,149.726
1600,272.371,149.726
1601,272.198999,149.769
1602,272.371,149.726
1603,266.526,161.891
1604,263.584,167.733
1605,259.807,174.079
1606,253.530999,187.075
1607,246.527,199.037
1608,155.379,244.866001
1609,155.836,237.283
1610,155.836,237.283
1611,146.361,255.875
1612,273.245001,256.874
1613,326.754001,164.304
1614,326.754001,164.304
1615,319.785999,175.835
1616,305.416999,186.205
1617,300.568,201.312
1618,292.721,215.794
1619,283.904,229.647
1620,284.464,245.05
1621,410.765001,123.319
1622,341.352999,169.998
1623,335.493,161.951
1624,284.166,146.11
1625,286.810999,156.7865
1626,284.971001,143.686
1627,281.843,169.744
1628,274.208001,181.409
1629,271.489,190.85
1630,228.489,216.85
1631,272.584999,147.349
1632,272.584999,147.349
1633,272.584999,147.349
1634,272.198999,149.512
1635,266.492001,161.755
1636,263.537,167.566
1637,253.610001,171.051
1638,246.836,183.84
1639,239.324001,195.68
1640,155.091,244.866001
1641,155.735,237.08
1642,155.735,237.08
1643,146.016,256.124
1644,273.194001,256.8
1645,326.806,163.203
1646,327.034,163.359
1647,313.183,172.428
1648,305.266,186.216
1649,299.392,200.676
1650,299.392,200.676
1651,292.623,215.795
1652,283.839,229.659
1653,278.802,242.287
1654,410.759001,123.351001
1655,340.489,170.85
1656,342.577999,167.867999
1657,335.550999,161.777
1658,290.279,142.411
1659,284.489,157.85
1660,288.006,154.214999
1661,284.971001,143.386
1662,281.854999,169.8
1663,274.27,181.534
1664,272.712999,146.984
1665,272.712999,146.984
1666,272.712999,146.984
1667,272.135,149.276
1668,266.458,161.687
1669,263.462,167.381
1670,252.942,170.756
1671,246.48,183.712
1672,239.156,195.696999
1673,154.77,244.747
1674,155.582,236.944
1675,155.582,236.944
1676,145.766999,256.324
1677,273.134,256.749
1678,326.875,162.188
1679,327.352,162.323
1680,312.391001,172.036
1681,305.091,186.275
1682,299.316001,200.642
1683,299.316001,200.642
1684,292.527,215.834
1685,283.788999,229.684
1686,278.707,242.253
1687,410.794,123.606
1688,343.903,165.665
1689,335.753,161.604
1690,290.553,142.357
1691,291.489,152.85
1692,284.907,142.936
1693,281.862999,169.879
1694,274.2704995,181.9864995
1695,273.849,144.735
1696,273.849,144.735
1697,273.849,144.735
1698,272.049,149.062
1699,266.357,161.552
1700,263.387,167.239999
1701,252.75,170.73
1702,246.309,183.69
1703,238.972,195.764
1704,154.482,244.629
1705,155.345,236.843
1706,155.345,236.843
1707,145.54,256.601
1708,272.661999,256.45
1709,326.565,161.241
1710,328.029,160.457
1711,312.24,171.989
1712,304.7285005,186.6205
1713,299.234999,200.614
1714,299.234999,200.614
1715,292.439001,215.89
1716,283.750001,229.72
1717,278.603,242.23
1718,410.916,124.582
1719,344.453001,164.769
1720,290.828001,142.357
1721,284.778001,142.722
1722,281.862999,169.995
1723,273.488999,184.85
1724,275.42,179.569
1725,275.286,141.745
1726,271.812999,148.827
1727,266.233,161.417
1728,263.265,167.081
1729,252.539,170.739
1730,246.141,183.709
1731,238.854,195.865
1732,152.538001,243.634
1733,155.007,236.809
1734,155.007,236.809
1735,145.368,257
1736,272.605001,256.389
1737,324.689,160.232
1738,328.384,159.635
1739,312.088,171.978
1740,301.489,187.85
1741,306.545,182.735
1742,299.141,200.586
1743,299.141,200.586
1744,292.371,215.944
1745,283.554,230.126
1746,278.494,242.227
1747,410.913,124.634
1748,344.453001,164.596
1749,294.253,143.779
1750,284.564,142.593
1751,281.8095005,170.3485
1752,279.489,178.85
1753,275.521,140.995
1754,265.17,145.571
1755,266.041001,161.304
1756,252.329,170.824
1757,245.993,183.762
1758,238.491001,196.1905
1759,145.715,240.213
1760,154.397001,236.775
1761,154.397001,236.775
1762,272.568,256.273999
1763,321.298,158.460001
1764,329.02,158.751
1765,311.919999,172.054
1766,307.488999,178.85
1767,298.917999,200.555
1768,298.917999,200.555
1769,292.324,216.011
1770,283.491,229.867
1771,279.489,231.85
1772,278.341,242.26
1773,410.888,124.666
1774,344.224,163.97
1775,294.35,143.919
1776,281.413999,141.094
1777,282.489,172.85
1778,282.995,167.774999
1779,275.542999,140.374
1780,264.998999,145.571
1781,257.687,157.178
1782,251.9125,171.037
1783,245.6864995,184.0405
1784,239.502999,194.042
1785,237.489,200.85
1786,130.101,232.717
1787,152.051,236.826
1788,152.051,236.826
1789,272.568,256.19
1790,320.437,157.944
1791,330.458,157.286
1792,311.5994995,172.347
1793,298.694,200.544
1794,298.694,200.544
1795,292.268,216.131
1796,283.492001,229.807
1797,278.24,242.334
1798,410.855,124.697
1799,345.489001,159.85
1800,294.402,144.026
1801,282.489,163.85
1802,274.577999,134.912
1803,264.849,145.678
1804,257.528,157.163
1805,251.489001,172.85
1806,253.006,168.736
1807,244.489,185.85
1808,246.945,181.606
1809,242.489,191.85
1810,121.071,228.191
1811,121.071,228.191
1812,147.039,236.876
1813,147.039,236.876
1814,272.596999,256.11
1815,320.282,158.03
1816,332.145,155.379
1817,309.489,173.85
1818,313.698,168.397
1819,298.635,200.544
1820,298.635,200.544
1821,292.141,215.888
1822,288.489,217.85
1823,283.498,229.739
1824,278.178,242.421
1825,410.807999,124.722999
1826,294.446,144.199
1827,274.493,134.719
1828,264.6764995,145.8485
1829,257.392,157.197
1830,252.489,164.85
1831,248.489,177.85
1832,119.48,227.395
1833,119.48,227.395
1834,143.958,236.893
1835,143.958,236.893
1836,272.720999,255.868
1837,319.714999,158.741
1838,333.947,153.263
1839,314.489,164.85
1840,298.558001,200.549
1841,298.558001,200.549
1842,292.119,215.785
1843,283.514,229.664
1844,278.02,242.85
1845,410.762,124.735001
1846,294.433,144.563001
1847,274.321,134.484
1848,262.489,147.85
1849,265.856,142.915
1850,257.272,157.284
1851,113.87,224.732
1852,119.917,227.276
1853,113.87,224.732
1854,143.654001,236.791
1855,143.654001,236.791
1856,270.489,251.85
1857,316.488999,158.85
1858,320.73,155.897
1859,334.417001,152.655
1860,298.483001,200.568
1861,298.483001,200.568
1862,292.119,215.693
1863,285.712,225.308
1864,277.913,242.434
1865,273.488999,245.85
1866,410.721,124.736
1867,294.489001,146.85
1868,294.610999,144.247
1869,272.764,133.493
1870,265.489,139.85
1871,256.9545005,157.6125
1872,105.257,220.631
1873,113.545,224.661
1874,105.257,220.631
1875,120.077,227.197
1876,143.552,236.622
1877,143.552,236.622
1878,321.014,155.054
1879,334.362,151.854
1880,298.419,200.603
1881,298.419,200.603
1882,292.141,215.597
1883,284.489,222.85
1884,277.906,242.357
1885,410.675,124.718
1886,294.638,144.083
1887,272.125,133.168
1888,255.489001,158.85
1889,258.137,155.286
1890,91.094,213.992
1891,105.515999,220.677001
1892,91.094,213.992
1893,113.347,224.676
1894,120.276,226.958
1895,143.552,236.317
1896,143.552,236.317
1897,321.358,153.506001
1898,334.002999,150.555
1899,298.368,200.649
1900,298.368,200.649
1901,294.193,211.382
1902,277.911,242.288
1903,410.281,124.49
1904,294.610999,143.891
1905,271.732,133.078
1906,260.488999,152.85
1907,86.373,211.744
1908,91.412,213.952
1909,86.373,211.744
1910,105.714999,220.637
1911,111.367,225.057
1912,120.634,226.162
1913,143.568999,235.369
1914,143.568999,235.369
1915,321.742,153.257
1916,333.726,150.334
1917,298.117,201.026
1918,298.117,201.026
1919,293.489,207.85
1920,277.929,242.217
1921,410.457,125.062
1922,292.609,137.288
1923,271.313001,133.093
1924,76.188001,206.814
1925,76.188001,206.814
1926,91.731,213.753
1927,105.913999,220.438
1928,111.163,225.196
1929,122.628,222.269999
1930,143.534,231.396
1931,143.534,231.396
1932,322.429001,153.089
1933,333.0715,149.612
1934,298.080999,200.937
1935,298.080999,200.937
1936,295.489,203.85
1937,279.069,240.103
1938,411.782,129.763
1939,289.489,132.85
1940,270.6995,133.156
1941,63.726,200.85
1942,76.545999,206.894
1943,63.726,200.85
1944,76.545999,206.894
1945,91.969,213.554
1946,108.818,214.991
1947,111.077,225.314
1948,122.881,221.73
1949,143.635999,224.608
1950,143.446,231.024
1951,143.635999,224.608
1952,323.489,149.85
1953,331.489,148.85
1954,337.657,152.057
1955,298.082999,200.903
1956,298.082999,200.903
1957,277.488999,236.85
1958,411.826,129.916
1959,266.489,132.85
1960,270.849999,133.049
1961,62.483,200.275
1962,62.483,200.275
1963,76.705,206.854
1964,76.705,206.854
1965,92.288,213.038
1966,108.898,214.753
1967,111.045,225.475
1968,122.936,221.411
1969,143.619,214.878
1970,143.619,214.878
1971,143.31,230.838
1972,339.133,152.842
1973,298.159,200.761
1974,298.159,200.761
1975,271.128001,132.963
1976,56.826,197.656
1977,56.826,197.656
1978,62.781,200.309
1979,76.904,206.775
1980,76.904,206.775
1981,93.163,210.891
1982,108.898,214.474
1983,111.012,225.668
1984,122.848,221.213
1985,143.694,200.856
1986,143.694,200.856
1987,143.056,230.618
1988,339.408,153.06
1989,299.839,197.441
1990,299.839,197.441
1991,271.514001,132.877
1992,51.597,195.17
1993,51.597,195.17
1994,62.867,200.312
1995,77.063,206.616
1996,77.063,206.616
1997,94.396,208.625
1998,108.778,214.156
1999,111.045,225.894
2000,122.694,221.08
2001,143.838,197.781
2002,143.838,197.781
2003,137.316,227.791
2004,339.493,153.264
2005,298.489001,192.85
2006,271.921,132.813
2007,48.109,193.512
2008,48.109,193.512
2009,62.945,200.297
2010,80.047,201.288
2011,80.047,201.288
2012,94.754,208.108
2013,107.664,213.441
2014,111.195,226.065
2015,122.3184995,220.871
2016,143.936,175.321
2017,143.936,175.321
2018,143.71,197.905
2019,137.010999,227.639
2020,340.009,154.267
2021,273.1,132.642
2022,42.528,190.892
2023,42.528,190.892
2024,48.364001,193.54
2025,63.023,200.253
2026,80.127,201.05
2027,80.127,201.05
2028,94.595,208.108
2029,94.993,207.869
2030,105.489,209.850001
2031,111.881,215.309
2032,111.431,226.237
2033,121.489,217.85
2034,122.603001,220.898001
2035,143.99,169.039
2036,143.99,169.039
2037,144.166001,175.503
2038,143.700999,198.128
2039,135.489,223.85
2040,343.489,152.85
2041,276.400001,132.256
2042,40.645,189.979
2043,40.645,189.979
2044,42.437,190.982
2045,48.565001,193.534001
2046,63.092999,200.197
2047,80.127,200.771
2048,80.127,200.771
2049,94.315999,208.068
2050,95.311001,207.79
2051,114.489001,214.85
2052,111.743,226.398
2053,125.469,222.28
2054,144.012,167.441
2055,144.012,167.441
2056,143.855001,169.258
2057,144.244,175.814
2058,143.662001,198.387
2059,278.884,132.022
2060,36.846,188.209
2061,42.317,191.012
2062,48.737999,193.514
2063,63.163999,200.097
2064,79.928,200.533
2065,79.928,200.533
2066,94.038,207.949
2067,95.59,207.869
2068,111.93,226.477
2069,125.613999,222.347
2070,143.99,166.353
2071,143.99,166.353
2072,143.673,169.491
2073,144.322,176.021
2074,143.545,198.516
2075,282.489,129.85
2076,33.708,186.671
2077,42.208,191.006
2078,48.852,193.467
2079,66.096,194.59
2080,79.538001,200.254
2081,79.538001,200.254
2082,93.441,207.551
2083,97.061,208.386
2084,111.963999,226.496
2085,128.489,220.85
2086,143.901,165.621
2087,143.901,165.621
2088,143.077001,169.802
2089,144.399,176.151
2090,143.377999,198.568
2091,33.933,186.660999
2092,31.247,185.464
2093,41.998,190.922
2094,48.925,193.4
2095,66.190999,194.412
2096,76.488999,197.85
2097,80.888,200.852
2098,80.888,200.852
2099,91.489,203.85
2100,100.489,207.85
2101,111.995,226.52
2102,143.700999,165.021
2103,143.700999,165.021
2104,139.11,171.123
2105,144.711,176.306
2106,143.132001,198.606
2107,34.035,186.668
2108,25.514,182.724
2109,41.787,190.844
2110,51.684,188.167
2111,66.22,194.317
2112,82.514,201.725
2113,82.514,201.725
2114,112.02,226.55
2115,143.316999,164.047
2116,143.316999,164.047
2117,138.514,171.305
2118,144.996,176.384
2119,142.615,198.619
2120,34.14,186.668
2121,24.096,182.051
2122,41.642,190.802
2123,51.744,188.049
2124,66.228,194.226
2125,86.489,200.85
2126,112.039001,226.584
2127,142.383,162.797
2128,142.383,162.797
2129,138.151,171.305
2130,145.695999,176.41
2131,139.212,198.632
2132,34.271001,186.645
2133,21.612,180.875
2134,41.51,190.802
2135,51.787001,187.925
2136,66.22,194.118
2137,112.051001,226.621
2138,141.876,162.005
2139,141.876,162.005
2140,137.944,171.227
2141,147.172999,176.436
2142,137.717999,198.568
2143,34.376,186.609
2144,21.36,180.62
2145,20.57,180.287
2146,41.365,190.82
2147,51.796,187.84
2148,66.17,193.998
2149,112.056,226.659
2150,141.591,161.626
2151,141.591,161.626
2152,137.5085,170.9865
2153,137.486,198.529
2154,34.475,186.549
2155,21.281,180.519
2156,9.675001,175.137
2157,41.287,190.862
2158,51.793,187.743
2159,66.075001,193.886
2160,112.054,226.698
2161,141.243,161.04
2162,141.243,161.04
2163,141.474,161.728
2164,136.488999,169.85
2165,137.57,185.086
2166,137.318,198.438
2167,34.557,186.467
2168,21.213,180.401
2169,6.461001,173.681
2170,41.208999,190.928
2171,51.774,187.658
2172,65.366001,193.365
2173,112.045001,226.736
2174,140.911,160.565001
2175,140.911,160.565001
2176,141.359,161.77
2177,135.489,188.85
2178,137.201,198.258
2179,34.648,186.346999
2180,21.177,180.286
2181,4.979,172.9
2182,41.135999,191.006
2183,51.729,187.564
2184,62.489,191.85
2185,68.752,194.987
2186,140.689,160.17
2187,140.689,160.17
2188,141.244,161.78
2189,137.195,197.721
2190,37.394,181.157
2191,21.17,180.168
2192,0.7734995,170.887
2193,40.835001,191.482
2194,51.65,187.461
2195,72.488999,193.85
2196,140.545999,159.742
2197,140.545999,159.742
2198,141.024,161.759
2199,135.489,192.85
2200,37.494,180.957
2201,21.206001,180.075
2202,0.412,170.768
2203,0.372,171.741
2204,40.619,192.042
2205,51.526,187.355
2206,140.482999,159.299
2207,140.482999,159.299
2208,140.794,161.686
2209,37.541,180.824
2210,24.535999,174.643
2211,0.218001,171.914
2212,40.408,192.722
2213,51.077,187.02
2214,140.531,158.012
2215,140.531,158.012
2216,140.658,161.55
2217,37.555,180.709
2218,24.778,174.297
2219,0,172.075
2220,48.489,184.85
2221,54.239001,188.443
2222,140.578,155.944
2223,140.578,155.944
2224,139.727001,160.515
2225,37.558001,180.601999
2226,24.869001,174.202
2227,56.489,188.85
2228,140.503001,141.837
2229,140.503001,141.837
2230,37.541,180.491
2231,24.955,174.147
2232,140.488999,137.824
2233,140.488999,137.824
2234,37.501,180.383
2235,25.045999,174.124
2236,140.504,137.445
2237,140.504,137.445
2238,37.422001,180.29
2239,25.146,174.12
2240,140.549999,137.309
2241,140.549999,137.309
2242,37.265,180.161
2243,25.301,174.138
2244,140.625001,137.082
2245,140.625001,137.082
2246,36.8525005,179.8505
2247,26.0804995,174.3035
2248,140.807,136.779
2249,140.807,136.779
2250,33.488999,177.85
2251,40.103,181.357999
2252,30.489,174.85
2253,25.326001,173.955
2254,141.019001,136.445
2255,141.019001,136.445
2256,42.488999,181.85
2257,20.133,171.66
2258,141.474,135.991
2259,141.474,135.991
2260,12.861,168.056
2261,142.095999,135.264
2262,142.095999,135.264
2263,12.314001,167.783
2264,142.778,134.491
2265,142.778,134.491
2266,9.489,165.85
2267,143.217,133.945
2268,143.217,133.945
2269,143.566,133.218
2270,143.566,133.218
2271,143.748,132.521
2272,143.748,132.521
2273,143.778001,131.506
2274,143.778001,131.506
2275,143.778001,130.582
2276,143.778001,130.582
2277,143.763,128.4
2278,143.763,128.4
2279,144.405,130.142
2280,144.973,129.514
2281,145.152,129.126
2282,145.242,128.678
2283,145.272,128.14
2284,145.272,121.925
2285,145.302,113.229
2286,145.362,100.925
